"snapshot_date","supplier","batch_code","sku_code","supplier_or_alternative_skus","name","brand","category","quality_grade","primary_model","model_code","model_codes","compatibility_models","compatibility_entry_count","stock_qty","status","review_state","evidence_scope"
"2026-07-19","Mobilax ChinaTech","CVBLUQU8H23","3000000001622","","Premium Battery Huawei Mate 10/Mate 10 Pro/Mate 20/P20 Pro Honor 20 Pro/View 20 HB436486ECW","Honor","Batterie","A","20 Pro","","","20 Pro | View 20","2","2","active","candidate_needs_technical_confirmation","PartsPro-V4 live products read-only snapshot"
"2026-07-19","Mobilax ChinaTech","CVBLUQU8H23","3000000155103","","Premium Battery Huawei P Smart/P10 Lite/P20 Lite/P8 Lite 2017/P9/P9 Lite HB366481ECW","Honor","Batterie","A","5C","","","5C | 7A | 8 | 8 Lite","4","1","active","candidate_needs_technical_confirmation","PartsPro-V4 live products read-only snapshot"
"2026-07-19","Mobilax ChinaTech","CVENMWEBUU8","3000000151105","BLP923","Premium Battery for OPPO A77 5G/Nord N20 SE/A57 (CPH2387)/A57s 4G/A78 5G (CPH2483)/C51 BLP923","OPPO","Batterie","A","A57 CPH2387","","","A57 CPH2387 | A77 5G | A78 5G CPH2483","3","3","active","candidate_needs_technical_confirmation","PartsPro-V4 live products read-only snapshot"
"2026-07-19","Mobilax ChinaTech","CVENMWEBUU8","3000000261880","BLPA19","Premium Battery OPPO A38 (CPH2579)/A58 4G (CPH2577)/A79 5G (CPH2553) BLPA19","OPPO","Batterie","A","A38 CPH2579","","","A38 CPH2579 | A58 4G CPH2577 | A79 5G CPH2553","3","3","active","candidate_needs_technical_confirmation","PartsPro-V4 live products read-only snapshot"
"2026-07-19","Mobilax ChinaTech","CVENMWEBUU8","3000000035290","BLP727","Premium Battery OPPO A5 2020/A9 2020 BLP727","OPPO","Batterie","A","A5 2020","","","A5 2020 | A9 2020","2","3","active","candidate_needs_technical_confirmation","PartsPro-V4 live products read-only snapshot"
"2026-07-19","Mobilax ChinaTech","CVENMWEBUU8","3000000093085","BLP805","Premium Battery OPPO A53s 2020/A74 5G/A54 5G/A53 4G 2020/A16 4G/A54s/A16s/A54 4G BLP805","OPPO","Batterie","A","A16 4G","","","A16 4G | A53 4G 2020 | A54 4G | A54 5G | A74 5G","5","3","active","approved_high_confidence_batch_2","Mobilax arrival batch CVENMWEBUU8 plus official supplier catalog evidence; approved 2026-07-20; parser omissions restored in normalized relations"
"2026-07-19","Mobilax ChinaTech","CVENMWEBUU8","3000000354339","BLP797","Premium Battery OPPO A72 5G/A73 5G BLP797","OPPO","Batterie","A","A72 5G","","","A72 5G | A73 5G","2","3","active","candidate_needs_technical_confirmation","PartsPro-V4 live products read-only snapshot"
"2026-07-19","Mobilax ChinaTech","CVENMWEBUU8","3000000127155","BLP885","Premium Battery OPPO A76 4G/A96 4G BLP885","OPPO","Batterie","A","A76 4G","","","A76 4G | A96 4G","2","3","active","candidate_needs_technical_confirmation","PartsPro-V4 live products read-only snapshot"
"2026-07-19","Mobilax ChinaTech","CVENMWEBUU8","3000000338520","BLPA77","Premium Battery OPPO A80 5G/A40 (CPH2669)/A60 5G (CPH2683) BLPA77","OPPO","Batterie","A","A40 CPH2669","","","A40 CPH2669 | A60 5G CPH2683 | A80 5G","3","2","active","candidate_needs_technical_confirmation","PartsPro-V4 live products read-only snapshot"
"2026-07-19","Mobilax ChinaTech","CVENMWEBUU8","3000000078556","BLP839","Premium Battery OPPO A94 5G/Reno5 Z/Reno6 Z 5G/F19 PRO+ 5G BLP839","OPPO","Batterie","A","A94 5G","","","A94 5G | RENO6 Z 5G","2","3","active","candidate_needs_technical_confirmation","PartsPro-V4 live products read-only snapshot"
"2026-07-19","Mobilax ChinaTech","CVENMWEBUU8","3000000193082","HQ-50SD","Premium Battery Samsung Galaxy A04e A042/Galaxy A14 4G A145 HQ-50SD","Samsung","Batterie","A","Galaxy A04E A042","","","Galaxy A04E A042 | Galaxy A14 4G A145","2","3","active","candidate_needs_technical_confirmation","PartsPro-V4 live products read-only snapshot"
"2026-07-19","Mobilax ChinaTech","CVENMWEBUU8","3000000336618","HQ-7160SS","Premium Battery Samsung Galaxy A06 A065/Galaxy A06 5G A066 HQ-7160SS","Samsung","Batterie","A","Galaxy A06 5G A066","","","Galaxy A06 5G A066 | Galaxy A06 A065","2","3","active","candidate_needs_technical_confirmation","PartsPro-V4 live products read-only snapshot"
"2026-07-19","Mobilax ChinaTech","CVENMWEBUU8","3000000211557","EB-BA136ABY","Premium Battery Samsung Galaxy A13 5G A136/Galaxy M13 5G M136 EB-BA136ABY","Samsung","Batterie","A","Galaxy A13 5G A136","","","Galaxy A13 5G A136 | Galaxy M13 5G M136","2","3","active","candidate_needs_technical_confirmation","PartsPro-V4 live products read-only snapshot"
"2026-07-19","Mobilax ChinaTech","CVENMWEBUU8","3000000281581","","Premium Battery Samsung Galaxy A15 5G A156B/Galaxy A15 4G A155 EB-BA156ABY","Samsung","Batterie","A","Galaxy A15 4G A155","","","Galaxy A15 4G A155 | Galaxy A15 5G A156B","2","3","active","candidate_needs_technical_confirmation","PartsPro-V4 live products read-only snapshot"
"2026-07-19","Mobilax ChinaTech","CVBLUQU8H23","3000000338667","EB-BA166ASE","Premium Battery Samsung Galaxy A16 5G A166/Galaxy A16 4G A165/Galaxy A26 5G A266/Galaxy A17 5G A176/Galaxy A17 4G A175 EB-BA166ASE","Samsung","Batterie","A","Galaxy A16 4G A165","","","Galaxy A16 4G A165 | Galaxy A16 5G A166 | Galaxy A17 4G A175 | Galaxy A17 5G A176 | Galaxy A26 5G A266","5","3","active","approved_high_confidence_batch_2","Mobilax current product page plus earlier receipt support five models; approved 2026-07-20; Galaxy A27 5G withheld"
"2026-07-19","Mobilax ChinaTech","CVBLUQU8H23","3000000178287","EB-BA217ABY","Premium Battery Samsung Galaxy A21S A217F/Galaxy A12 A125/Galaxy M12 M127/Galaxy A12 Nacho A127/Galaxy A02 A022F/Galaxy A13 4G A135/Galaxy A13 4G A137/Galaxy A04s A047F EB-BA217ABY","Samsung","Batterie","A","Galaxy A02 A022F","","","Galaxy A02 A022F | Galaxy A12 A125 | Galaxy A12 Nacho A127 | Galaxy A13 4G A135 | Galaxy A13 4G A137 | Galaxy M12 M127","6","2","active","candidate_needs_technical_confirmation","PartsPro-V4 live products read-only snapshot"
"2026-07-19","Mobilax ChinaTech","CVENMWEBUU8","3000000210949","EB-BA315ABY","Premium Battery Samsung Galaxy A31 A315/Galaxy A32 4G A325/Galaxy A22 4G A225 EB-BA315ABY","Samsung","Batterie","A","Galaxy A22 4G A225","","","Galaxy A22 4G A225 | Galaxy A31 A315 | Galaxy A32 4G A325","3","3","active","candidate_needs_technical_confirmation","PartsPro-V4 live products read-only snapshot"
"2026-07-19","Mobilax ChinaTech","CVENMWEBUU8","3000000207444","","Premium Battery Samsung Galaxy A42 5G A426/Galaxy A32 5G A326/Galaxy A72 4G A725/Galaxy A72 5G A726/Galaxy M32 M325/Galaxy M22 M225 EB-BA426ABY","Samsung","Batterie","A","Galaxy A32 5G A326","","","Galaxy A32 5G A326 | Galaxy A42 5G A426 | Galaxy A72 4G A725 | Galaxy A72 5G A726 | Galaxy M22 M225 | Galaxy M32 M325","6","3","active","approved_high_confidence_batch_2","Mobilax arrival batch CVENMWEBUU8 plus official supplier catalog evidence; approved 2026-07-20"
"2026-07-19","Mobilax ChinaTech","CVENMWEBUU8","3000000364109","EB-BA566ASE","Premium Battery Samsung Galaxy A56 5G A566/Galaxy A36 5G A366/Galaxy A37 5G A376/Galaxy A57 5G A576 EB-BA566ASE","Samsung","Batterie","A","Galaxy A36 5G A366","","","Galaxy A36 5G A366 | Galaxy A37 5G A376 | Galaxy A56 5G A566 | Galaxy A57 5G A576","4","3","active","candidate_needs_technical_confirmation","PartsPro-V4 live products read-only snapshot"
"2026-07-19","Mobilax ChinaTech","CVENMWEBUU8","3000000206485","EB-BM526ABS","Premium Battery Samsung Galaxy M52 5G M526/Galaxy A73 5G A736/Galaxy A23 5G A236/Galaxy M23 5G M236/Galaxy M53 5G M536/Galaxy A23 4G A235 EB-BM526ABS","Samsung","Batterie","A","Galaxy A23 4G A235","","","Galaxy A23 4G A235 | Galaxy A23 5G A236 | Galaxy A73 5G A736 | Galaxy M23 5G M236 | Galaxy M52 5G M526 | Galaxy M53 5G M536","6","3","active","approved_high_confidence_batch_2","Mobilax arrival batch CVENMWEBUU8 plus official supplier catalog evidence; approved 2026-07-20"
"2026-07-19","Mobilax ChinaTech","CVENMWEBUU8","3000000050408","BM4W","Premium Battery Xiaomi Mi 10T Lite 5G/Redmi Note 9 Pro 5G BM4W","Xiaomi","Batterie","A","Mi 10T Lite 5G","","","Mi 10T Lite 5G | Redmi Note 9 Pro 5G","2","3","active","candidate_needs_technical_confirmation","PartsPro-V4 live products read-only snapshot"
"2026-07-19","Mobilax ChinaTech","CVENMWEBUU8","3000000035009","BN51","Premium Battery Xiaomi Redmi 8/Redmi 8A BN51","Xiaomi","Batterie","A","Redmi 8","","","Redmi 8 | Redmi 8A","2","3","active","candidate_needs_technical_confirmation","PartsPro-V4 live products read-only snapshot"
"2026-07-19","Mobilax ChinaTech","CVENMWEBUU8","3000000178232","BN54","Premium Battery Xiaomi Redmi 9/Redmi Note 9 BN54","Xiaomi","Batterie","A","Redmi 9","","","Redmi 9 | Redmi Note 9","2","2","active","candidate_needs_technical_confirmation","PartsPro-V4 live products read-only snapshot"
"2026-07-19","Mobilax ChinaTech","CVENMWEBUU8","3000000057827","BN56","Premium Battery Xiaomi Redmi 9A/Redmi 9C NFC/Redmi 10A/Redmi A1/Redmi A1+ BN56","Xiaomi","Batterie","A","Redmi 9A","","","Redmi 9A | Redmi 10A | Redmi 9C NFC | Redmi A1 | Redmi A1+","5","3","active","approved_high_confidence_batch_2","Mobilax arrival batch CVENMWEBUU8 plus official BN56 product page; approved 2026-07-20"
"2026-07-19","Mobilax ChinaTech","CVENMWEBUU8","3000000096796","BN5A","Premium Battery Xiaomi Redmi Note 10 5G/Poco M3 Pro 5G BN5A","Xiaomi","Batterie","A","Poco M3 Pro 5G","","","Poco M3 | Poco M3 Pro 5G","2","3","active","candidate_needs_technical_confirmation","PartsPro-V4 live products read-only snapshot"
"2026-07-19","Mobilax ChinaTech","CVENMWEBUU8","3000000023778","BN4A","Premium Battery Xiaomi Redmi Note 7/Redmi Note 7 Pro BN4A","Xiaomi","Batterie","A","Redmi Note 7","","","Redmi Note 7 | Redmi Note 7 Pro","2","3","active","candidate_needs_technical_confirmation","PartsPro-V4 live products read-only snapshot"
"2026-07-19","Mobilax ChinaTech","CVBLUQU8H23","3000000034873","BN46","Premium Battery Xiaomi Redmi Note 8T/Redmi Note 8/Redmi Note 8 2021 BN46","Xiaomi","Batterie","A","Redmi 6","","","Redmi 6 | Redmi Note 7 | Redmi Note 8 | Redmi Note 8 2021 | Redmi Note 8T","5","2","active","candidate_needs_technical_confirmation","PartsPro-V4 live products read-only snapshot"
"2026-07-19","Mobilax ChinaTech","CVENMWEBUU8","3000000094419","BN53","Premium Battery Xiaomi Redmi Note 9 Pro 4G/Redmi Note 10 Pro 4G BN53","Xiaomi","Batterie","A","Redmi Note 9 Pro 4G","","","Redmi Note 9 Pro 4G | Redmi Note 10 Pro 4G","2","3","active","candidate_needs_technical_confirmation","PartsPro-V4 live products read-only snapshot"
"2026-07-19","Mobilax ChinaTech","CVENMWEBUU8","3000000061466","BM54","Premium Battery Xiaomi Redmi Note 9T/Redmi Note 9 5G BM54","Xiaomi","Batterie","A","Redmi Note 9 5G","","","Redmi Note 9 5G | Redmi Note 9T","2","3","active","candidate_needs_technical_confirmation","PartsPro-V4 live products read-only snapshot"
"2026-07-19","Mobilax ChinaTech","C05J9J76369","3000000083789","","Original Pulled Dock Connector Apple iPhone 12/iPhone 12 Pro Green","Apple","Connettori","A","iPhone 12","","","iPhone 12 | iPhone 12 Pro","2","0","active","candidate_needs_technical_confirmation","PartsPro-V4 live products read-only snapshot"
"2026-07-19","Mobilax ChinaTech","C05J9J76369","3000000367773","","Original Pulled Dock Connector Apple iPhone 16e/iPhone 17e Black","Apple","Connettori","A","iPhone 16E","","","iPhone 16E | iPhone 17E","2","1","active","candidate_needs_technical_confirmation","PartsPro-V4 live products read-only snapshot"
"2026-07-19","Mobilax ChinaTech","C05J9J76369","3000000367766","","Original Pulled Dock Connector Apple iPhone 16e/iPhone 17e White","Apple","Connettori","A","iPhone 16E","","","iPhone 16E | iPhone 17E","2","1","active","candidate_needs_technical_confirmation","PartsPro-V4 live products read-only snapshot"
"2026-07-19","Mobilax ChinaTech","C05J9J76369","3000000280898","","Premium Dock Connector Apple iPhone 12/iPhone 12 Pro Pacific Blue","Apple","Connettori","A","iPhone 12","","","iPhone 12 | iPhone 12 Pro","2","3","active","candidate_needs_technical_confirmation","PartsPro-V4 live products read-only snapshot"
"2026-07-19","Mobilax ChinaTech","C05J9J76369","3000000405086","","Premium Dock Connector Motorola Moto G06 4G/Moto G06 Power","Motorola","Connettori","A","Moto G06 4G","","","Moto G06 4G | Moto G06 Power","2","1","active","candidate_needs_technical_confirmation","PartsPro-V4 live products read-only snapshot"
"2026-07-19","Mobilax ChinaTech","C05J9J76369","3000000358665","","Premium Dock Connector Motorola Moto G15/Moto G15 Power","Motorola","Connettori","A","Moto G15","","","Moto G15 | Moto G15 Power","2","3","active","candidate_needs_technical_confirmation","PartsPro-V4 live products read-only snapshot"
"2026-07-19","Mobilax ChinaTech","C05J9J76369","3000000306178","","Premium Dock Connector Motorola Moto G24 Power/Moto G24 4G","Motorola","Connettori","A","Moto G24 4G","","","Moto G24 4G | Moto G24 Power","2","2","active","candidate_needs_technical_confirmation","PartsPro-V4 live products read-only snapshot"
"2026-07-19","Mobilax ChinaTech","CVBLUQU8H23","3000000093092","","Premium Dock Connector OPPO A16 4G/A54s/A16s/A54 4G CPH2269 CPH2275","OPPO","Connettori","A","A16 4G","","","A16 4G | A54 4G","2","3","active","candidate_needs_technical_confirmation","PartsPro-V4 live products read-only snapshot"
"2026-07-19","Mobilax ChinaTech","C05J9J76369","3000000078624","","Premium Dock Connector OPPO A74 5G/A54 5G","OPPO","Connettori","A","A54 5G","","","A54 5G | A74 5G","2","3","active","candidate_needs_technical_confirmation","PartsPro-V4 live products read-only snapshot"
"2026-07-19","Mobilax ChinaTech","C05J9J76369","3000000126981","","Premium Dock Connector Realme C25Y/C21-Y","Realme","Connettori","A","C21 Y","","","C21 Y | C25Y","2","3","active","candidate_needs_technical_confirmation","PartsPro-V4 live products read-only snapshot"
"2026-07-19","Mobilax ChinaTech","C05J9J76369","3000000128626","","Premium Dock Connector Realme C35/Narzo 50A Prime","Realme","Connettori","A","C35","","","C35 | Narzo 50A Prime","2","3","active","candidate_needs_technical_confirmation","PartsPro-V4 live products read-only snapshot"
"2026-07-19","Mobilax ChinaTech","C05J9J76369","3000000320105","","Premium Dock Connector Realme C63/C61","Realme","Connettori","A","C61","","","C61 | C63","2","3","active","candidate_needs_technical_confirmation","PartsPro-V4 live products read-only snapshot"
"2026-07-19","Mobilax ChinaTech","C05J9J76369","3000000152553","","Premium Dock Connector Realme Narzo 50i Prime/C30","Realme","Connettori","A","C30","","","C30 | Narzo 50I Prime","2","3","active","candidate_needs_technical_confirmation","PartsPro-V4 live products read-only snapshot"
"2026-07-19","Mobilax ChinaTech","C05J9J76369","3000000174968","","Premium Dock Connector Samsung Galaxy A03 A035F/Galaxy A03 A035G","Samsung","Connettori","A","Galaxy A03 A035F","","","Galaxy A03 A035F | Galaxy A03 A035G","2","3","active","candidate_needs_technical_confirmation","PartsPro-V4 live products read-only snapshot"
"2026-07-19","Mobilax ChinaTech","CVBLUQU8H23","3000000150122","","Premium Dock Connector Samsung Galaxy A12 A125/Galaxy M12 M127","Samsung","Connettori","A","Galaxy A12 A125","","","Galaxy A12 A125 | Galaxy M12 M127","2","5","active","approved_high_confidence_batch_2","Two Mobilax arrival receipts plus official supplier catalog evidence; approved 2026-07-20"
"2026-07-19","Mobilax ChinaTech","C05J9J76369","3000000211663","","Premium Dock Connector Samsung Galaxy A13 5G A136/Galaxy M13 5G M136","Samsung","Connettori","A","Galaxy A13 5G A136","","","Galaxy A13 5G A136 | Galaxy M13 5G M136","2","5","active","approved_high_confidence_batch_2","Mobilax arrival batch C05J9J76369 plus official supplier catalog evidence; approved 2026-07-20"
"2026-07-19","Mobilax ChinaTech","CVBLUQU8H23","3000000281611","","Premium Dock Connector Samsung Galaxy A15 5G A156B/Galaxy A15 4G A155/Galaxy M15 5G M156","Samsung","Connettori","A","Galaxy A15 4G A155","","","Galaxy A15 4G A155 | Galaxy A15 5G A156B | Galaxy M15 5G M156","3","1","active","candidate_needs_technical_confirmation","PartsPro-V4 live products read-only snapshot"
"2026-07-19","Mobilax ChinaTech","C05J9J76369","3000000150085","","Premium Dock Connector Samsung Galaxy A20S A207 (M12)","Samsung","Connettori","A","Galaxy A20S A207","M127","M127 | A20S | M12 | A207","Galaxy M12 M127 | Galaxy A20S A207","2","3","active","candidate_needs_technical_confirmation","PartsPro-V4 live products read-only snapshot"
"2026-07-19","Mobilax ChinaTech","C05J9J76369","3000000163351","","Premium Dock Connector Samsung Galaxy A52 5G A526/Galaxy A52 4G A525","Samsung","Connettori","A","Galaxy A52 4G A525","","","Galaxy A52 4G A525 | Galaxy A52 5G A526","2","3","active","candidate_needs_technical_confirmation","PartsPro-V4 live products read-only snapshot"
"2026-07-19","Mobilax ChinaTech","C05J9J76369","3000000057865","","Premium Dock Connector Xiaomi Redmi 9A/Redmi 10A","Xiaomi","Connettori","A","Redmi 9A","","","Redmi 9A | Redmi 10A","2","3","active","candidate_needs_technical_confirmation","PartsPro-V4 live products read-only snapshot"
"2026-07-19","Mobilax ChinaTech","C05J9J76369","3000000167793","","Premium Dock Connector Xiaomi Redmi A1/Redmi A1+/Redmi A2","Xiaomi","Connettori","A","Redmi A1","","","Redmi A1 | Redmi A1+ | Redmi A2","3","2","active","candidate_needs_technical_confirmation","PartsPro-V4 live products read-only snapshot"
"2026-07-19","Mobilax ChinaTech","CVBLUQU8H23","3000000329894","","Premium Sim Tray Apple iPhone 16 Pro/iPhone 16 Pro Max White Titanium","Apple","Flat Cable","A","iPhone 16 Pro","","","iPhone 16 Pro | iPhone 16 Pro Max","2","1","active","candidate_needs_technical_confirmation","PartsPro-V4 live products read-only snapshot"
"2026-07-19","Mobilax ChinaTech","CVBLUQU8H23","3000000062456","","SIM Card Tray Apple iPhone 12 Pro/iPhone 12 Pro Max Graphite","Apple","Flat Cable","A","iPhone 12 Pro","","","iPhone 12 Pro | iPhone 12 Pro Max","2","1","active","candidate_needs_technical_confirmation","PartsPro-V4 live products read-only snapshot"
"2026-07-19","Mobilax ChinaTech","CVBLUQU8H23","3000000062463","","SIM Card Tray Apple iPhone 12 Pro/iPhone 12 Pro Max Pacific Blue","Apple","Flat Cable","A","iPhone 12 Pro","","","iPhone 12 Pro | iPhone 12 Pro Max","2","1","active","candidate_needs_technical_confirmation","PartsPro-V4 live products read-only snapshot"
"2026-07-19","Mobilax ChinaTech","CVBLUQU8H23","3000000062449","","SIM Card Tray Apple iPhone 12 Pro/iPhone 12 Pro Max Silver","Apple","Flat Cable","A","iPhone 12 Pro","","","iPhone 12 Pro | iPhone 12 Pro Max","2","1","active","candidate_needs_technical_confirmation","PartsPro-V4 live products read-only snapshot"
"2026-07-19","Mobilax ChinaTech","CVBLUQU8H23","3000000299241","","SIM Card Tray Apple iPhone 13 Pro/iPhone 13 Pro Max Alpine Blue","Apple","Flat Cable","A","iPhone 13 Pro","","","iPhone 13 Pro | iPhone 13 Pro Max","2","1","active","candidate_needs_technical_confirmation","PartsPro-V4 live products read-only snapshot"
"2026-07-19","Mobilax ChinaTech","CVBLUQU8H23","3000000299258","","SIM Card Tray Apple iPhone 13 Pro/iPhone 13 Pro Max Alpine Green","Apple","Flat Cable","A","iPhone 13 Pro","","","iPhone 13 Pro | iPhone 13 Pro Max","2","1","active","candidate_needs_technical_confirmation","PartsPro-V4 live products read-only snapshot"
"2026-07-19","Mobilax ChinaTech","CVBLUQU8H23","3000000101377","","SIM Card Tray Apple iPhone 13 Pro/iPhone 13 Pro Max Silver","Apple","Flat Cable","A","iPhone 13 Pro","","","iPhone 13 Pro | iPhone 13 Pro Max","2","1","active","candidate_needs_technical_confirmation","PartsPro-V4 live products read-only snapshot"
"2026-07-19","Mobilax ChinaTech","CVBLUQU8H23","3000000159682","","SIM Card Tray Apple iPhone 14/iPhone 14 Plus Blue","Apple","Flat Cable","A","iPhone 14","","","iPhone 14 | iPhone 14 Plus","2","1","active","candidate_needs_technical_confirmation","PartsPro-V4 live products read-only snapshot"
"2026-07-19","Mobilax ChinaTech","CVBLUQU8H23","3000000159699","","SIM Card Tray Apple iPhone 14/iPhone 14 Plus Mauve","Apple","Flat Cable","A","iPhone 14","","","iPhone 14 | iPhone 14 Plus","2","1","active","candidate_needs_technical_confirmation","PartsPro-V4 live products read-only snapshot"
"2026-07-19","Mobilax ChinaTech","CVBLUQU8H23","3000000159712","","SIM Card Tray Apple iPhone 14/iPhone 14 Plus Midnight","Apple","Flat Cable","A","iPhone 14","","","iPhone 14 | iPhone 14 Plus","2","1","active","candidate_needs_technical_confirmation","PartsPro-V4 live products read-only snapshot"
"2026-07-19","Mobilax ChinaTech","CVBLUQU8H23","3000000159705","","SIM Card Tray Apple iPhone 14/iPhone 14 Plus Red","Apple","Flat Cable","A","iPhone 14","","","iPhone 14 | iPhone 14 Plus","2","1","active","candidate_needs_technical_confirmation","PartsPro-V4 live products read-only snapshot"
"2026-07-19","Mobilax ChinaTech","CVBLUQU8H23","3000000159729","","SIM Card Tray Apple iPhone 14/iPhone 14 Plus Starlight","Apple","Flat Cable","A","iPhone 14","","","iPhone 14 | iPhone 14 Plus","2","1","active","candidate_needs_technical_confirmation","PartsPro-V4 live products read-only snapshot"
"2026-07-19","Mobilax ChinaTech","CVBLUQU8H23","3000000255438","","SIM Card Tray Apple iPhone 15 Pro/iPhone 15 Pro Max Black Titanium","Apple","Flat Cable","A","iPhone 15 Pro","","","iPhone 15 Pro | iPhone 15 Pro Max","2","1","active","candidate_needs_technical_confirmation","PartsPro-V4 live products read-only snapshot"
"2026-07-19","Mobilax ChinaTech","CVBLUQU8H23","3000000255452","","SIM Card Tray Apple iPhone 15 Pro/iPhone 15 Pro Max Blue Titanium","Apple","Flat Cable","A","iPhone 15 Pro","","","iPhone 15 Pro | iPhone 15 Pro Max","2","1","active","candidate_needs_technical_confirmation","PartsPro-V4 live products read-only snapshot"
"2026-07-19","Mobilax ChinaTech","CVBLUQU8H23","3000000255469","","SIM Card Tray Apple iPhone 15 Pro/iPhone 15 Pro Max Natural Titanium","Apple","Flat Cable","A","iPhone 15 Pro","","","iPhone 15 Pro | iPhone 15 Pro Max","2","1","active","candidate_needs_technical_confirmation","PartsPro-V4 live products read-only snapshot"
"2026-07-19","Mobilax ChinaTech","CVBLUQU8H23","3000000255445","","SIM Card Tray Apple iPhone 15 Pro/iPhone 15 Pro Max White Titanium","Apple","Flat Cable","A","iPhone 15 Pro","","","iPhone 15 Pro | iPhone 15 Pro Max","2","1","active","candidate_needs_technical_confirmation","PartsPro-V4 live products read-only snapshot"
"2026-07-19","Mobilax ChinaTech","CVBLUQU8H23","3000000255421","","SIM Card Tray Apple iPhone 15/iPhone 15 Plus Black","Apple","Flat Cable","A","iPhone 15","","","iPhone 15 | iPhone 15 Plus","2","1","active","candidate_needs_technical_confirmation","PartsPro-V4 live products read-only snapshot"
"2026-07-19","Mobilax ChinaTech","CVBLUQU8H23","3000000255407","","SIM Card Tray Apple iPhone 15/iPhone 15 Plus Blue","Apple","Flat Cable","A","iPhone 15","","","iPhone 15 | iPhone 15 Plus","2","1","active","candidate_needs_technical_confirmation","PartsPro-V4 live products read-only snapshot"
"2026-07-19","Mobilax ChinaTech","CVBLUQU8H23","3000000255414","","SIM Card Tray Apple iPhone 15/iPhone 15 Plus Green","Apple","Flat Cable","A","iPhone 15","","","iPhone 15 | iPhone 15 Plus","2","1","active","candidate_needs_technical_confirmation","PartsPro-V4 live products read-only snapshot"
"2026-07-19","Mobilax ChinaTech","CVBLUQU8H23","3000000255391","","SIM Card Tray Apple iPhone 15/iPhone 15 Plus Pink","Apple","Flat Cable","A","iPhone 15","","","iPhone 15 | iPhone 15 Plus","2","1","active","candidate_needs_technical_confirmation","PartsPro-V4 live products read-only snapshot"
"2026-07-19","Mobilax ChinaTech","CVBLUQU8H23","3000000255384","","SIM Card Tray Apple iPhone 15/iPhone 15 Plus Yellow","Apple","Flat Cable","A","iPhone 15","","","iPhone 15 | iPhone 15 Plus","2","1","active","candidate_needs_technical_confirmation","PartsPro-V4 live products read-only snapshot"
"2026-07-19","Mobilax ChinaTech","CVBLUQU8H23","3000000329870","","SIM Card Tray Apple iPhone 16 Pro/iPhone 16 Pro Max Black Titanium","Apple","Flat Cable","A","iPhone 16 Pro","","","iPhone 16 Pro | iPhone 16 Pro Max","2","1","active","candidate_needs_technical_confirmation","PartsPro-V4 live products read-only snapshot"
"2026-07-19","Mobilax ChinaTech","CVBLUQU8H23","3000000329887","","SIM Card Tray Apple iPhone 16 Pro/iPhone 16 Pro Max Natural Titanium","Apple","Flat Cable","A","iPhone 16 Pro","","","iPhone 16 Pro | iPhone 16 Pro Max","2","1","active","candidate_needs_technical_confirmation","PartsPro-V4 live products read-only snapshot"
"2026-07-19","Mobilax ChinaTech","CVBLUQU8H23","3000000329900","","SIM Card Tray Apple iPhone 16 Pro/iPhone 16 Pro Max Titanium Sand","Apple","Flat Cable","A","iPhone 16 Pro","","","iPhone 16 Pro | iPhone 16 Pro Max","2","1","active","candidate_needs_technical_confirmation","PartsPro-V4 live products read-only snapshot"
"2026-07-19","Mobilax ChinaTech","CVBLUQU8H23","3000000337776","","SIM Card Tray Apple iPhone 16/iPhone 16 Plus Black","Apple","Flat Cable","A","iPhone 16","","","iPhone 16 | iPhone 16 Plus","2","1","active","candidate_needs_technical_confirmation","PartsPro-V4 live products read-only snapshot"
"2026-07-19","Mobilax ChinaTech","CVBLUQU8H23","3000000330319","","SIM Card Tray Apple iPhone 16/iPhone 16 Plus Pink","Apple","Flat Cable","A","iPhone 16","","","iPhone 16 | iPhone 16 Plus","2","1","active","candidate_needs_technical_confirmation","PartsPro-V4 live products read-only snapshot"
"2026-07-19","Mobilax ChinaTech","CVBLUQU8H23","3000000330333","","SIM Card Tray Apple iPhone 16/iPhone 16 Plus Teal","Apple","Flat Cable","A","iPhone 16","","","iPhone 16 | iPhone 16 Plus","2","1","active","candidate_needs_technical_confirmation","PartsPro-V4 live products read-only snapshot"
"2026-07-19","Mobilax ChinaTech","CVBLUQU8H23","3000000330326","","SIM Card Tray Apple iPhone 16/iPhone 16 Plus Ultramarine","Apple","Flat Cable","A","iPhone 16","","","iPhone 16 | iPhone 16 Plus","2","1","active","candidate_needs_technical_confirmation","PartsPro-V4 live products read-only snapshot"
"2026-07-19","Mobilax ChinaTech","CVBLUQU8H23","3000000337783","","SIM Card Tray Apple iPhone 16/iPhone 16 Plus White","Apple","Flat Cable","A","iPhone 16","","","iPhone 16 | iPhone 16 Plus","2","1","active","candidate_needs_technical_confirmation","PartsPro-V4 live products read-only snapshot"
"2026-07-19","Mobilax ChinaTech","CVBLUQU8H23","3000000056363","","Speaker Flex Cable Pulled Apple iPhone 12/iPhone 12 Pro","Apple","Flat Cable","A","iPhone 12","","","iPhone 12 | iPhone 12 Pro","2","1","active","candidate_needs_technical_confirmation","PartsPro-V4 live products read-only snapshot"
"2026-07-19","Mobilax ChinaTech","C9NS2AL2YZ1","3000000096659","","Incell FHD LTPS Display Touchscreen Apple iPhone 12/iPhone 12 Pro (COF IC Removable) Black","Apple","Schermi","A","iPhone 12","","","iPhone 12 | iPhone 12 Pro","2","5","active","approved_high_confidence_batch_2","Mobilax official product page explicitly lists iPhone 12 and iPhone 12 Pro; approved 2026-07-20"
"2026-07-19","Mobilax ChinaTech","C9NS2AL2YZ1","3000000373309","","Incell FHD LTPS Display Touchscreen Apple iPhone 16e/iPhone 17e (IC Removable) Black","Apple","Schermi","A","iPhone 16E","","","iPhone 16E | iPhone 17E","2","1","active","candidate_needs_technical_confirmation","PartsPro-V4 live products read-only snapshot"
"2026-07-19","Mobilax ChinaTech","C9NS2AL2YZ1","3708114088835","","Premium Display Touchscreen Apple iPhone 8/iPhone SE (2nd Gen) ESR Black","Apple","Schermi","A","iPhone 8","","","iPhone 8 | iPhone SE 2nd Gen","2","1","active","approved_high_confidence_pilot","Mobilax arrival batch C9NS2AL2YZ1; supplier title and EAN"
"2026-07-19","Mobilax ChinaTech","C9NS2AL2YZ1","3708114088927","","Premium Display Touchscreen Apple iPhone 8/iPhone SE (2nd Gen) ESR White","Apple","Schermi","A","iPhone 8","","","iPhone 8 | iPhone SE 2nd Gen","2","1","active","approved_high_confidence_pilot","Mobilax arrival batch C9NS2AL2YZ1; supplier title and EAN"
"2026-07-19","Mobilax ChinaTech","C9NS2AL2YZ1","3000000168158","","OEM Display Touchscreen Honor X6/X8 5G/70 Lite Black","Honor","Schermi","A","70 Lite","","","70 Lite | X6 | X8 5G","3","2","active","candidate_needs_technical_confirmation","PartsPro-V4 live products read-only snapshot"
"2026-07-19","Mobilax ChinaTech","C9NS2AL2YZ1","3000000204887","","OEM Display Touchscreen Honor X8a/90 Lite Black","Honor","Schermi","A","90 Lite","","","90 Lite | X8A","2","2","active","candidate_needs_technical_confirmation","PartsPro-V4 live products read-only snapshot"
"2026-07-19","Mobilax ChinaTech","C9NS2AL2YZ1","3000000081693","","OEM Display Touchscreen Motorola Moto E7/Moto E7i Power Black","Motorola","Schermi","A","Moto E7","","","Moto E7 | Moto E7I Power","2","1","active","candidate_needs_technical_confirmation","PartsPro-V4 live products read-only snapshot"
"2026-07-19","Mobilax ChinaTech","C9NS2AL2YZ1","3000000296387","","OEM Display Touchscreen Motorola Moto G04/Moto G24 4G/Moto G24 Power Black","Motorola","Schermi","A","Moto G04","","","Moto G04 | Moto G24 4G | Moto G24 Power","3","1","active","candidate_needs_technical_confirmation","PartsPro-V4 live products read-only snapshot"
"2026-07-19","Mobilax ChinaTech","C9NS2AL2YZ1","3000000202692","","OEM Display Touchscreen Motorola Moto G23/Moto G13 Black","Motorola","Schermi","A","Moto G13","","","Moto G13 | Moto G23","2","2","active","candidate_needs_technical_confirmation","PartsPro-V4 live products read-only snapshot"
"2026-07-19","Mobilax ChinaTech","C9NS2AL2YZ1","3000000106570","","Original Refurb Display Touchscreen Motorola Moto E7 Plus Black","Motorola","Schermi","A","Moto E7 Plus","","A4","Moto E7 Plus | Moto E7","2","1","active","candidate_needs_technical_confirmation","PartsPro-V4 live products read-only snapshot"
"2026-07-19","Mobilax ChinaTech","CVBLUQU8H23","3000000261828","","OEM Display Touchscreen OPPO A38 (CPH2579)/A18 Black","OPPO","Schermi","A","A18","","","A18 | A38 CPH2579","2","1","active","candidate_needs_technical_confirmation","PartsPro-V4 live products read-only snapshot"
"2026-07-19","Mobilax ChinaTech","C9NS2AL2YZ1","3000000035375","","OEM Display Touchscreen OPPO A5 2020/A9 2020 CPH1931 CPH1937 CPH1939 CPH1941 Black","OPPO","Schermi","A","A5 2020","","","A5 2020 | A9 2020","2","2","active","candidate_needs_technical_confirmation","PartsPro-V4 live products read-only snapshot"
"2026-07-19","Mobilax ChinaTech","C9NS2AL2YZ1","3000000078518","","OEM Display Touchscreen OPPO A54 5G/A74 5G CPH2197 / CPH2195 Black","OPPO","Schermi","A","A54 5G","","","A54 5G | A74 5G","2","2","active","candidate_needs_technical_confirmation","PartsPro-V4 live products read-only snapshot"
"2026-07-19","Mobilax ChinaTech","CVBLUQU8H23","3000000174722","","OEM Display Touchscreen OPPO A78 5G (CPH2483)/A17 (CPH2477) Black","OPPO","Schermi","A","A17 CPH2477","","","A17 CPH2477 | A78 5G CPH2483","2","2","active","candidate_needs_technical_confirmation","PartsPro-V4 live products read-only snapshot"
"2026-07-19","Mobilax ChinaTech","C9NS2AL2YZ1","3000000335406","","OEM Display Touchscreen OPPO A80 5G/A60 5G (CPH2683) Black","OPPO","Schermi","A","A60 5G CPH2683","","","A60 5G CPH2683 | A80 5G","2","2","active","candidate_needs_technical_confirmation","PartsPro-V4 live products read-only snapshot"
"2026-07-19","Mobilax ChinaTech","CVBLUQU8H23","3000000375433","","Original Pulled Display Touchscreen OPPO A5 Pro (CPH2711)/A5 Pro 5G (CPH2695)/A5 4G (CPH2727)/ A5x (CPH2725)/A5 5G (CPH2735) Black","OPPO","Schermi","A","A5 4G CPH2727","","","A5 4G CPH2727 | A5 5G CPH2735 | A5 Pro 5G CPH2695 | A5 Pro CPH2711 | A5X CPH2725","5","2","active","candidate_needs_technical_confirmation","PartsPro-V4 live products read-only snapshot"
"2026-07-19","Mobilax ChinaTech","C9NS2AL2YZ1","3000000279816","","TFT Display Touchscreen OPPO A74 4G/A94 5G/A94 4G/F19 Pro/Reno5 Lite/Reno5 F Black","OPPO","Schermi","A","A74 4G","","","A74 4G | A94 4G | A94 5G","3","1","active","candidate_needs_technical_confirmation","PartsPro-V4 live products read-only snapshot"
"2026-07-19","Mobilax ChinaTech","C9NS2AL2YZ1","3000000152546","","Display Touchscreen Realme C30/C33 Black","Realme","Schermi","A","C30","","","C30 | C33","2","2","active","candidate_needs_technical_confirmation","PartsPro-V4 live products read-only snapshot"
"2026-07-19","Mobilax ChinaTech","C9NS2AL2YZ1","3000000128633","","OEM Display Touchscreen Realme C35/Narzo 50A Prime Black","Realme","Schermi","A","C35","","","C35 | Narzo 50A Prime","2","2","active","candidate_needs_technical_confirmation","PartsPro-V4 live products read-only snapshot"
"2026-07-19","Mobilax ChinaTech","C9NS2AL2YZ1","3000000258620","","Original Pulled Display Touchscreen Realme C53/C51/Note 50 Black","Realme","Schermi","A","C51","","","C51 | C53 | Note 50","3","2","active","candidate_needs_technical_confirmation","PartsPro-V4 live products read-only snapshot"
"2026-07-19","Mobilax ChinaTech","C9NS2AL2YZ1","3000000319338","","Original Pulled Display Touchscreen Realme C63/C61/Note 60 Black","Realme","Schermi","A","C61","","","C61 | C63 | Note 60","3","0","active","candidate_needs_technical_confirmation","PartsPro-V4 live products read-only snapshot"
"2026-07-19","Mobilax ChinaTech","CVBLUQU8H23","3000000425268","","OEM Display Touchscreen Samsung Galaxy A13 4G A135/Galaxy A13 4G A137 Black","Samsung","Schermi","A","Galaxy A13 4G A135","","","Galaxy A13 4G A135 | Galaxy A13 4G A137","2","1","active","candidate_needs_technical_confirmation","PartsPro-V4 live products read-only snapshot"
"2026-07-19","Mobilax ChinaTech","C9NS2AL2YZ1","3000000084243","","OEM Display Touchscreen Wiko Power U10/Power U20/Power U30 Black","Wiko","Schermi","A","Wiko Power U10","","","Wiko Power U10 | Wiko Power U30 | Wiko Power U20","3","1","active","candidate_needs_technical_confirmation","PartsPro-V4 live products read-only snapshot"
"2026-07-19","Mobilax ChinaTech","C9NS2AL2YZ1","3000000034996","","Display Touchscreen Xiaomi Redmi 8/Redmi 8A Black","Xiaomi","Schermi","A","Redmi 8","","","Redmi 8 | Redmi 8A","2","2","active","candidate_needs_technical_confirmation","PartsPro-V4 live products read-only snapshot"
"2026-07-19","Mobilax ChinaTech","C9NS2AL2YZ1","3000000050354","","OEM Display Touchscreen Xiaomi Poco X3 NFC/Mi 10T Lite 5G/Poco X3 Pro/Redmi Note 9 Pro 5G Black","Xiaomi","Schermi","A","Poco X3 NFC","","","Poco X3 Pro | Poco X3 NFC","2","2","active","candidate_needs_technical_confirmation","PartsPro-V4 live products read-only snapshot"
"2026-07-19","Mobilax ChinaTech","C9NS2AL2YZ1","3000000096482","","OEM Display Touchscreen Xiaomi Redmi 10/Redmi 10 2022 Black","Xiaomi","Schermi","A","Redmi 10","","","Redmi 10 | Redmi 10 2022","2","3","active","candidate_needs_technical_confirmation","PartsPro-V4 live products read-only snapshot"
"2026-07-19","Mobilax ChinaTech","C9NS2AL2YZ1","3000000057810","","OEM Display Touchscreen Xiaomi Redmi 9A/Redmi 9C NFC/Redmi 10A Black","Xiaomi","Schermi","A","Redmi 9A","","","Redmi 9A | Redmi 10A | Redmi 9C NFC","3","5","active","approved_high_confidence_batch_2","Mobilax catalog product title explicitly lists the three models; approved 2026-07-20"
"2026-07-19","Mobilax ChinaTech","CVBLUQU8H23","3000000166222","","OEM Display Touchscreen Xiaomi Redmi A1/Redmi A2/Redmi A1+/Redmi A2+ Black","Xiaomi","Schermi","A","Redmi A1","","","Redmi A1 | Redmi A1+ | Redmi A2","3","5","active","approved_high_confidence_batch_2","Mobilax arrival batch CVBLUQU8H23 plus official supplier catalog evidence; approved 2026-07-20; Redmi A2+ restored in normalized relations"
"2026-07-19","Mobilax ChinaTech","C9NS2AL2YZ1","3000000023761","","OEM Display Touchscreen Xiaomi Redmi Note 7/Redmi Note 7 Pro Black","Xiaomi","Schermi","A","Redmi Note 7","","","Redmi Note 7 | Redmi Note 7 Pro","2","2","active","candidate_needs_technical_confirmation","PartsPro-V4 live products read-only snapshot"
"2026-07-19","Mobilax ChinaTech","C9NS2AL2YZ1","3000000097458","","OEM Display Touchscreen Xiaomi Redmi Note 8/Redmi Note 8 2021 Black","Xiaomi","Schermi","A","Redmi Note 8","","","Redmi Note 8 | Redmi Note 8 2021","2","2","active","candidate_needs_technical_confirmation","PartsPro-V4 live products read-only snapshot"
"2026-07-19","Mobilax ChinaTech","C9NS2AL2YZ1","3000000215104","","Original Pulled Display Touchscreen Xiaomi Redmi Note 9T/Redmi Note 9 5G Black","Xiaomi","Schermi","A","Redmi Note 9 5G","","","Redmi Note 9 5G | Redmi Note 9T","2","1","active","candidate_needs_technical_confirmation","PartsPro-V4 live products read-only snapshot"
"2026-07-19","UTOPYA","UTOPYA-7091760","3667075049395","627127","High Capacity Battery Apple iPhone 12 / iPhone 12 Pro Ti","Apple","Batterie","A","iPhone 12","","","iPhone 12 | iPhone 12 Pro","2","9","active","approved_high_confidence_pilot","UTOPYA product identity, supplier SKU and EAN"
"2026-07-19","UTOPYA","UTOPYA-7086282","3701569300774","A135-EC","Display Completo Galaxy A13 4G (A135F/A137F)","Samsung","Schermi","A","Galaxy A13 4G A135","A135-EC","A13 | A135F | A137F","Galaxy A13 4G A135 | Galaxy A13 4G A137","2","3","active","approved_high_confidence_pilot","UTOPYA compatibility field, supplier SKU and EAN; canonical devices A13 4G and M13 4G"
"2026-07-19","UTOPYA","UTOPYA-7086282","3701569371613","A146P-ECN","Display Completo Galaxy A14 5G (A146P/A146U) (Senza telaio)","Samsung","Schermi","A","Galaxy A14 5G A146P","A146P-ECN","A146P | A146U | A14","Galaxy A14 5G A146P | Galaxy A14 5G A146U","2","4","active","approved_high_confidence_pilot","UTOPYA title, supplier SKU and EAN; codes normalized under one A14 5G device"
"2026-07-19","UTOPYA","UTOPYA-7086282","3667075127079","945129","Display Completo Incell Galaxy A15 4G/5G (A155F/A156B) (Con telaio)","Samsung","Schermi","A","Galaxy A15 4G A155","945129","A155F | A156B | A15","Galaxy A15 4G A155 | Galaxy A15 5G A156B","2","8","active","approved_high_confidence_pilot","UTOPYA title, supplier SKU and EAN"
"2026-07-19","UTOPYA","UTOPYA-7086282","3667075243373","EC@-IN-A174G","Display Completo Incell Galaxy A17 4G (A175F) (Con Telaio)","Samsung","Schermi","A","Galaxy A17 4G A175","EC@-IN-A174G","A175F | A17","Galaxy A17 4G A175 | A175F | A17","3","3","active","approved_high_confidence_pilot","UTOPYA title, supplier SKU and EAN; A175F and A17 retained only as device codes"
"2026-07-19","UTOPYA","UTOPYA-7086282","3667075005933","A525INC-ECN@","Display Completo Nero Incell Galaxy A52 (A525F/A526B)","Samsung","Schermi","A","Galaxy A52 4G A525","A525INC-ECN@","A526B | A525F | A52","Galaxy A52 4G A525 | Galaxy A52 5G A526","2","5","active","approved_high_confidence_pilot","UTOPYA title, supplier SKU and EAN"
